Protein/Nucleotide of 7659_1_ORF1,Protein/Nucleotide of ENST00000351698,Position of 7659_1_ORF1,Position of ENST00000351698
M,M,1,1
K,K,2,2
L,L,3,3
G,G,4,4
R,R,5,5
A,A,6,6
V,V,7,7
L,L,8,8
G,G,9,9
L,L,10,10
L,L,11,11
L,L,12,12
L,L,13,13
A,A,14,14
P,P,15,15
S,S,16,16
V,V,17,17
V,V,18,18
Q,Q,19,19
A,A,20,20
V,V,21,21
E,E,22,22
P,P,23,23
I,I,24,24
S,S,25,25
L,L,26,26
G,G,27,27
L,L,28,28
A,A,29,29
L,L,30,30
A,A,31,31
G,G,32,32
V,V,33,33
L,L,34,34
T,T,35,35
G,G,36,36
Y,Y,37,37
I,I,38,38
Y,Y,39,39
P,P,40,40
R,R,41,41
L,L,42,42
Y,Y,43,43
C,C,44,44
L,L,45,45
F,F,46,46
A,A,47,47
E,E,48,48
C,C,49,49
C,C,50,50
G,G,51,51
Q,Q,52,52
K,K,53,53
R,R,54,54
S,S,55,55
L,L,56,56
S,S,57,57
R,R,58,58
E,E,59,59
A,A,60,60
L,L,61,61
Q,Q,62,62
K,K,63,63
D,D,64,64
L,L,65,65
D,D,66,66
D,D,67,67
N,N,68,68
L,L,69,69
F,F,70,70
G,G,71,71
Q,Q,72,72
H,H,73,73
L,L,74,74
A,A,75,75
K,K,76,76
K,K,77,77
I,I,78,78
I,I,79,79
L,L,80,80
N,N,81,81
A,A,82,82
V,V,83,83
F,F,84,84
G,G,85,85
F,F,86,86
I,I,87,87
N,N,88,88
N,N,89,89
P,P,90,90
K,K,91,91
P,P,92,92
K,K,93,93
K,K,94,94
P,P,95,95
L,L,96,96
T,T,97,97
L,L,98,98
S,S,99,99
L,L,100,100
H,H,101,101
G,G,102,102
W,W,103,103
T,T,104,104
G,G,105,105
T,T,106,106
G,G,107,107
K,K,108,108
N,N,109,109
F,F,110,110
V,V,111,111
S,S,112,112
K,K,113,113
I,I,114,114
I,I,115,115
A,A,116,116
E,E,117,117
N,N,118,118
I,I,119,119
Y,Y,120,120
E,E,121,121
G,G,122,122
G,G,123,123
L,L,124,124
N,N,125,125
S,S,126,126
D,D,127,127
Y,Y,128,128
V,V,129,129
H,H,130,130
L,L,131,131
F,F,132,132
V,V,133,133
A,A,134,134
T,T,135,135
L,L,136,136
H,H,137,137
F,F,138,138
P,P,139,139
H,H,140,140
A,A,141,141
S,S,142,142
N,N,143,143
I,I,144,144
T,T,145,145
L,L,146,146
Y,Y,147,147
K,K,148,148
A,D,149,149
R,Q,150,150
M,L,151,151
E,Q,152,152
V,L,153,153
W,W,154,154
N,-,155,154
P,-,156,154
F,-,157,154
L,-,158,154
D,-,159,154
V,-,160,154
I,I,161,155
G,R,162,156
F,G,163,157
G,N,164,158
V,V,165,159
S,S,166,160
-,A,166,161
-,C,166,162
-,A,166,163
-,R,166,164
-,S,166,165
-,I,166,166
L,F,167,167
L,I,168,168
W,F,169,169
D,D,170,170
E,E,171,171
I,M,172,172
W,D,173,173
E,K,174,174
F,M,175,175
Y,H,176,176
V,A,177,177
E,G,178,178
M,L,179,179
S,I,180,180
E,D,181,181
P,A,182,182
G,I,183,183
K,K,184,184
R,P,185,185
F,F,186,186
M,L,187,187
S,D,188,188
Q,Y,189,189
F,Y,190,190
P,D,191,191
L,L,192,192
E,V,193,193
R,D,194,194
C,G,195,195
R,V,196,196
S,S,197,197
-,Y,197,198
-,Q,197,199
-,K,197,200
-,A,197,201
-,M,197,202
-,F,197,203
-,I,197,204
-,F,197,205
-,L,197,206
-,S,197,207
-,N,197,208
-,A,197,209
-,G,197,210
-,A,197,211
-,E,197,212
-,R,197,213
-,I,197,214
-,T,197,215
-,D,197,216
-,V,197,217
-,A,197,218
-,L,197,219
-,D,197,220
-,F,197,221
-,W,197,222
-,R,197,223
-,S,197,224
-,G,197,225
-,K,197,226
-,Q,197,227
-,R,197,228
-,E,197,229
-,D,197,230
-,I,197,231
-,K,197,232
-,L,197,233
-,K,197,234
-,D,197,235
-,I,197,236
-,E,197,237
-,H,197,238
-,A,197,239
-,L,197,240
-,S,197,241
-,V,197,242
-,S,197,243
-,V,197,244
-,F,197,245
-,N,197,246
-,N,197,247
-,K,197,248
-,N,197,249
-,S,197,250
-,G,197,251
-,F,197,252
-,W,197,253
-,H,197,254
-,S,197,255
-,S,197,256
-,L,197,257
-,I,197,258
-,D,197,259
-,R,197,260
-,N,197,261
-,L,197,262
-,I,197,263
-,D,197,264
-,Y,197,265
-,F,197,266
-,V,197,267
-,P,197,268
-,F,197,269
-,L,197,270
-,P,197,271
-,L,197,272
-,E,197,273
-,Y,197,274
-,K,197,275
-,H,197,276
-,L,197,277
-,K,197,278
-,M,197,279
-,C,197,280
-,I,197,281
-,R,197,282
-,V,197,283
-,E,197,284
-,M,197,285
-,Q,197,286
-,S,197,287
-,R,197,288
-,G,197,289
-,Y,197,290
-,E,197,291
-,I,197,292
-,D,197,293
-,E,197,294
-,D,197,295
-,I,197,296
-,V,197,297
-,S,197,298
-,R,197,299
-,V,197,300
-,A,197,301
-,E,197,302
-,E,197,303
-,M,197,304
-,T,197,305
-,F,197,306
-,F,197,307
-,P,197,308
-,K,197,309
-,E,197,310
-,E,197,311
-,R,197,312
-,V,197,313
-,F,197,314
-,S,197,315
-,D,197,316
-,K,197,317
-,G,197,318
-,C,197,319
-,K,197,320
-,T,197,321
-,V,197,322
-,F,197,323
-,T,197,324
-,K,197,325
-,L,197,326
-,D,197,327
-,Y,197,328
-,Y,197,329
-,Y,197,330
-,D,197,331
-,D,197,332
