Matched Sequence: ,BAG36764.1,Query: ,sp|P02144|MYG_HUMAN Myoglobin OS=Homo sapiens GN=MB PE=1 SV=2
Alignments: ,BAG36764.1 unnamed protein product [Homo sapiens]
Letter of Query Seq,Letter of Subject Seq,Position of Query Seq,Position of Subject Seq
M,M,1,1
G,G,2,2
L,L,3,3
S,S,4,4
D,D,5,5
G,G,6,6
E,E,7,7
W,W,8,8
Q,Q,9,9
L,L,10,10
V,V,11,11
L,L,12,12
N,N,13,13
V,V,14,14
W,W,15,15
G,G,16,16
K,K,17,17
V,V,18,18
E,E,19,19
A,A,20,20
D,D,21,21
I,I,22,22
P,P,23,23
G,G,24,24
H,H,25,25
G,G,26,26
Q,Q,27,27
E,E,28,28
V,V,29,29
L,L,30,30
-,I,30,31
-,R,30,32
-,L,30,33
-,F,30,34
-,K,30,35
-,G,30,36
-,H,30,37
-,P,30,38
-,E,30,39
-,T,30,40
-,L,30,41
G,E,31,42
G,R,32,43
G,F,33,44
G,D,34,45
K,K,35,46
F,F,36,47
K,K,37,48
H,H,38,49
L,L,39,50
K,K,40,51
S,S,41,52
E,E,42,53
D,D,43,54
E,E,44,55
M,M,45,56
K,K,46,57
A,A,47,58
S,S,48,59
E,E,49,60
D,D,50,61
L,L,51,62
K,K,52,63
K,K,53,64
H,H,54,65
G,G,55,66
A,A,56,67
T,T,57,68
V,V,58,69
L,L,59,70
T,T,60,71
A,A,61,72
L,L,62,73
G,G,63,74
G,G,64,75
I,I,65,76
L,L,66,77
K,K,67,78
K,K,68,79
K,K,69,80
G,G,70,81
H,H,71,82
H,H,72,83
E,E,73,84
A,A,74,85
E,E,75,86
I,I,76,87
K,K,77,88
P,P,78,89
L,L,79,90
A,A,80,91
Q,Q,81,92
S,S,82,93
H,H,83,94
A,A,84,95
T,T,85,96
K,K,86,97
H,H,87,98
K,K,88,99
I,I,89,100
P,P,90,101
V,V,91,102
K,K,92,103
H,Y,93,104
H,L,94,105
H,E,95,106
H,F,96,107
-,I,96,108
-,S,96,109
H,E,97,110
C,C,98,111
I,I,99,112
I,I,100,113
Q,Q,101,114
V,V,102,115
L,L,103,116
Q,Q,104,117
S,S,105,118
K,K,106,119
H,H,107,120
P,P,108,121
G,G,109,122
D,D,110,123
F,F,111,124
G,G,112,125
A,A,113,126
D,D,114,127
A,A,115,128
Q,Q,116,129
K,R,117,130
K,A,118,131
K,M,119,132
K,N,120,133
K,K,121,134
-,A,121,135
-,L,121,136
-,E,121,137
-,L,121,138
F,F,122,139
R,R,123,140
K,K,124,141
D,D,125,142
M,M,126,143
A,A,127,144
S,S,128,145
N,N,129,146
Y,Y,130,147
K,K,131,148
E,E,132,149
L,L,133,150
G,G,134,151
F,F,135,152
Q,Q,136,153
G,G,137,154
